{
    "_vcs_unit__2402052190": [
        "_vcs_unit__2402052190",
        "VhT72",
        "module",
        1
    ],
    "std": [
        "std",
        "reYIK",
        "module",
        2
    ],
    "ethernet_packet_switch": [
        "ethernet_packet_switch",
        "EpIPy",
        "module",
        3
    ],
    "mac_intf": [
        "mac_intf",
        "wAqUC",
        "module",
        4
    ],
    "pb": [
        "pb",
        "IxkIP",
        "module",
        5
    ],
    "top": [
        "top",
        "Emx8S",
        "module",
        6
    ],
    "...MASTER...": [
        "SIM",
        "amcQw",
        "module",
        7
    ]
}